Model,Coef,SE,N
TWFE/WageGap,0.007221087846315075,0.004172511906562433,7810
TWFE/Young,-0.0032608688144879078,0.0033368186814998506,7812
