Model,Coef,SE,N
TWFE/Wages,-0.006521338822032566,0.003749370128313548,7812
TWFE/Employment,-0.046669766825823134,0.018022333802875594,7812
